{
  "Ansi 3 Color" : {
    "Green Component" : 0.64705882349999999,
    "Blue Component" : 0,
    "Red Component" : 0.76862745099999996
  },
  "Tags" : [

  ],
  "Ansi 12 Color" : {
    "Green Component" : 0.81176471710205078,
    "Blue Component" : 0.94117647409439087,
    "Red Component" : 0.55294120311737061
  },
  "Ansi 7 Color" : {
    "Green Component" : 0.6298518180847168,
    "Blue Component" : 0.6297031044960022,
    "Red Component" : 0.62973332405090332
  },
  "Draw Powerline Glyphs" : true,
  "Bold Color" : {
    "Green Component" : 1,
    "Blue Component" : 1,
    "Red Component" : 1
  },
  "Ansi 8 Color" : {
    "Green Component" : 0.47999998927116394,
    "Blue Component" : 0.47999998927116394,
    "Red Component" : 0.47999998927116394
  },
  "Ansi 9 Color" : {
    "Green Component" : 0.51372549020000002,
    "Blue Component" : 0.48627450979999998,
    "Red Component" : 0.83921568629999999
  },
  "Ansi 4 Color" : {
    "Green Component" : 0.63921568630000003,
    "Blue Component" : 0.76862745099999996,
    "Red Component" : 0.38431372549999998
  },
  "Rows" : 25,
  "Default Bookmark" : "No",
  "Ansi 5 Color" : {
    "Green Component" : 0.54117647059999996,
    "Blue Component" : 0.80000000000000004,
    "Red Component" : 0.72941176470000002
  },
  "Cursor Guide Color" : {
    "Red Component" : 0.70214027166366577,
    "Color Space" : "sRGB",
    "Blue Component" : 1,
    "Alpha Component" : 0.25,
    "Green Component" : 0.92681378126144409
  },
  "Non-ASCII Anti Aliased" : true,
  "Use Bright Bold" : true,
  "Ansi 10 Color" : {
    "Green Component" : 0.94509803920000002,
    "Blue Component" : 0.2156862745,
    "Red Component" : 0.76862745099999996
  },
  "Ambiguous Double Width" : false,
  "Jobs to Ignore" : [
    "rlogin",
    "ssh",
    "slogin",
    "telnet"
  ],
  "Ansi 15 Color" : {
    "Green Component" : 0.9686274528503418,
    "Blue Component" : 0.9686274528503418,
    "Red Component" : 0.9686274528503418
  },
  "Foreground Color" : {
    "Green Component" : 0.9686274528503418,
    "Blue Component" : 0.9686274528503418,
    "Red Component" : 0.9686274528503418
  },
  "Working Directory" : "\/Users\/jsadowski",
  "Blinking Cursor" : false,
  "Disable Window Resizing" : true,
  "Sync Title" : false,
  "Prompt Before Closing 2" : false,
  "BM Growl" : true,
  "Mouse Reporting" : true,
  "Command" : "",
  "Description" : "Default",
  "Screen" : -1,
  "Selection Color" : {
    "Green Component" : 0.4543989896774292,
    "Blue Component" : 0.51501965522766113,
    "Red Component" : 0.12700089812278748
  },
  "Only The Default BG Color Uses Transparency" : true,
  "Columns" : 80,
  "Idle Code" : 0,
  "Ansi 13 Color" : {
    "Green Component" : 0.60392156860000001,
    "Blue Component" : 1,
    "Red Component" : 0.96862745100000003
  },
  "Custom Command" : "No",
  "ASCII Anti Aliased" : true,
  "Non Ascii Font" : "Monaco 12",
  "Vertical Spacing" : 1,
  "Use Bold Font" : true,
  "Option Key Sends" : 0,
  "Selected Text Color" : {
    "Green Component" : 0.9686274528503418,
    "Blue Component" : 0.9686274528503418,
    "Red Component" : 0.9686274528503418
  },
  "Background Color" : {
    "Green Component" : 0.1061420664191246,
    "Blue Component" : 0.10611827671527863,
    "Red Component" : 0.10612169653177261
  },
  "Character Encoding" : 4,
  "Ansi 11 Color" : {
    "Green Component" : 0.88235294818878174,
    "Blue Component" : 0.30196079611778259,
    "Red Component" : 0.99607843160629272
  },
  "Use Italic Font" : true,
  "Unlimited Scrollback" : true,
  "Keyboard Map" : {

  },
  "Window Type" : 0,
  "Background Image Location" : "",
  "Blur" : false,
  "Badge Color" : {
    "Red Component" : 1,
    "Color Space" : "sRGB",
    "Blue Component" : 0,
    "Alpha Component" : 0.5,
    "Green Component" : 0.14910030364990234
  },
  "Scrollback Lines" : 0,
  "Send Code When Idle" : false,
  "Close Sessions On End" : true,
  "Terminal Type" : "xterm-256color",
  "Visual Bell" : true,
  "Flashing Bell" : true,
  "Silence Bell" : true,
  "Ansi 14 Color" : {
    "Green Component" : 0.85098039219999999,
    "Blue Component" : 0.81176470590000005,
    "Red Component" : 0.41568627450000001
  },
  "ASCII Ligatures" : false,
  "Name" : "Default",
  "Cursor Text Color" : {
    "Green Component" : 1,
    "Blue Component" : 1,
    "Red Component" : 1
  },
  "Minimum Contrast" : 0,
  "Shortcut" : "",
  "Match Background Color" : {
    "Red Component" : 1,
    "Color Space" : "P3",
    "Blue Component" : 0,
    "Alpha Component" : 1,
    "Green Component" : 1
  },
  "Cursor Color" : {
    "Green Component" : 0.73333334922790527,
    "Blue Component" : 0.73333334922790527,
    "Red Component" : 0.73333334922790527
  },
  "Ansi 0 Color" : {
    "Green Component" : 0,
    "Blue Component" : 0,
    "Red Component" : 0
  },
  "Guid" : "4009FC30-74FF-47DB-AD0B-E7036DF06C22",
  "Ansi 2 Color" : {
    "Green Component" : 0.66376459600000004,
    "Blue Component" : 0,
    "Red Component" : 0.4915682375
  },
  "Transparency" : 0,
  "Ansi 1 Color" : {
    "Green Component" : 0.25617697830000002,
    "Blue Component" : 0.1933501363,
    "Red Component" : 0.72015768290000004
  },
  "Custom Directory" : "No",
  "Use Non-ASCII Font" : false,
  "Ansi 6 Color" : {
    "Green Component" : 0.45098039507865906,
    "Blue Component" : 0.51372551918029785,
    "Red Component" : 0.12549020349979401
  },
  "Normal Font" : "JetBrainsMonoNL-Regular 24",
  "Link Color" : {
    "Red Component" : 0,
    "Color Space" : "sRGB",
    "Blue Component" : 0.73422706127166748,
    "Alpha Component" : 1,
    "Green Component" : 0.35915294289588928
  },
  "Horizontal Spacing" : 1,
  "Right Option Key Sends" : 0
}